{
    "playerClasses": [
        {
            "type": "Warrior",
            "health": 100,
            "attackPower": 15,
            "defense": 10,
            "level": 1,
            "skill": "Power Strike"
        },
        {
            "type": "Mage",
            "health": 100,
            "attackPower": 12,
            "defense": 5,
            "level": 1,
            "skill": "Fireball"
        },
        {
            "type": "Thief",
            "health": 100,
            "attackPower": 10,
            "defense": 2,
            "level": 1,
            "skill": "Backstab"
        },
        {
            "type": "Archer",
            "health": 100,
            "attackPower": 14,
            "defense": 8,
            "level": 1,
            "skill": "Arrow Storm"
        }
    ],

    "enemyClasses": [
        {
            "type": "Goblin",
            "health": 100,
            "attackPower": 12,
            "defense": 1
        },
        {
            "type": "Troll",
            "health": 100,
            "attackPower": 20,
            "defense": 8
        },
        {
            "type": "Dragon",
            "health": 100,
            "attackPower": 30,
            "defense": 15
        },
        {
            "type": "Soldier",
            "health": 100,
            "attackPower": 15,
            "defense": 6
        },
        {
            "type": "Evil Soldier",
            "health": 100,
            "attackPower": 20,
            "defense": 6
        },
        {
            "type": "Bandit",
            "health": 100,
            "attackPower": 18,
            "defense": 6
        }
    ],
    
    "weapons": [
        {
            "name": "Sword [D15]",
            "damage": 15,
            "value": 100
        },
        {
            "name": "Club [D10]",
            "damage":10,
            "value": 50
        },
        {
            "name": "Spear [D14]",
            "damage": 14,
            "value": 90
        },
        {
            "name": "Bow [D16]",
            "damage": 16,
            "value": 75
        },
        {
            "name": "Dagger [D10]",
            "damage": 10,
            "value": 20
        },
        {
            "name": "Staff [D18]",
            "damage": 18,
            "value": 200
        }
    ],

    "armor": [
        {
            "name": "Leather Armor [D5]",
            "defense": 5,
            "value": 100
        },
        {
            "name": "Chainmail Armor [D10]",
            "defense": 10,
            "value": 200
        },
        {
            "name": "Knight Armor [D15]",
            "defense": 15,
            "value": 500
        },
        {
            "name": "Mage Armor [D8]",
            "defense": 8,
            "value": 100
        },
        {
            "name": "Thief Armor [D8]",
            "defense": 8,
            "value": 150
        },
        {
            "name": "Dragon Armor [D15]",
            "defense": 20,
            "value": 1000
        },
        {
            "name": "Nature Robe Armor [D12]",
            "defense": 12,
            "value": 500
        }, {
            "name": "Bolsted Thief Armor [D12]",
            "defense": 12,
            "value": 200
        }
    ],

    "locations": [
        {
            "name": "Forest",
            "description": "A dark, dense forest full of lurking goblins.",
            "enemyTypes": ["Goblin", "Troll"]
        },
        {
            "name": "Castle Ruins",
            "description": "The last stronghold of pure evil within the realm.",
            "enemyTypes": ["Evil Soldier", "Soldier"]
        },
        {
            "name": "Mountain Cave",
            "description": "A dragon's lair hidden deep within the mountains.",
            "enemyTypes": ["Dragon"]
        },
        {
            "name": "Wizard's Tower",
            "description": "A large tower in the forest where mages can concentrate.",
            "enemyTypes": ["Goblin", "Troll"]
        },
        {
            "name": "Village Market",
            "description": "A place to trade goods and rest.",
            "enemyTypes": ["Soldier"]
        }
    ],

    "randomItems" : [
        {
            "name": "Meat",
            "description": "Meat harvested from an animal.",
            "value": 15
        },
        {
            "name": "Treasure",
            "description": "Gems, Rare Coins, Spoils of Loot. Try selling it.",
            "value": 50
        },
        {
            "name": "Potion",
            "description": "A mythical potion brewed by a skilled Mage.",
            "value": 20
        },
        {
            "name": "Ore",
            "description": "Precious metals from deep within the Mountain Caves.",
            "value": 25
        }
    ],

    "playerInventory": [
    ]
}